job_id,created_by,order_id,recurring_id,recurring_count,partner_order_id,team_id,vertical,merchant_id,geofence,tags,auto_assignment,dispatcher_id,job_hash,has_pickup,has_delivery,is_routed,pickup_delivery_relationship,job_description,job_pickup_datetime,job_delivery_datetime,job_pickup_latitude,job_pickup_longitude,job_latitude,job_longitude,creation_datetime,fleet_id,first_fleet_id,user_id,fleet_rating,customer_comment,is_customer_rated,customer_id,arrived_datetime,started_datetime,completed_datetime,acknowledged_datetime,job_status,is_active,job_type,completed_by_admin,open_tracking_link,timezone,job_time,job_date,job_time_utc,job_date_utc,total_distance_travelled,form_id,customer_rating,driver_comment,remarks,barcode,ride_type,matched_pickup_delivery_relationship,is_return_task,insurance_amount,upto_limit,is_package_insured,old_pickup_address,old_pickup_lattitude,old_pickup_longitude,total_amount,payment_method,is_last_delivery,subtotal_amount,total_insurance_amount,total_discount,total_amount_for_all_tasks,total_no_of_tasks,incident_marked_at,incident_marked_at_latitude,incident_marked_at_longitude,is_schedule_task,unique_order_id,service_charge_amount,admin_amount,is_pickup_completed_before,benefit_type,promo_value,old_payment_method,is_job_edited,amount_for_first_task,delivery_completed_by,is_cod_job,cash_handling_charges,cash_handling_percentage,parcel_amount,kwister_cash_handling_charge,delivery_charge_by_buyer,delivery_charge,outstanding_amount,net_processed_amount,surge_cost,surge_type,task_history_image,order_payable_amount,pricing_amount,actual_order_payable_amount,cancellation_reason,cancellation_charges,is_refund_enable,refund_amount,vehicle_id,delivery_instruction,loaders_amount,delivery_images,is_paid,loaders_count
1,3,5,0,0,NULL,1,0,0,0,NULL,1,NULL,309806292c5c4c9766c1d5de52d752de,1,1,0,1.16E+17,NULL,06/14/19 06:44 PM,0000-00-00 00:00:00,30.7333148,76.7794179,30.7333148,76.7794179,06/14/19 01:14 PM,1,1,1,0,NULL,0,NULL,06/14/19 01:15 PM,06/14/19 01:14 PM,06/14/19 01:15 PM,06/14/19 01:14 PM,2,1,0,0,0,-330,06/14/19 06:44 PM,2019-06-14,06/14/19 01:14 PM,2019-06-14,NULL,2,4,NULL,NULL,NULL,0,NULL,0,0,0,0,,,,90,8,0,40,0,0,90,1,NULL,NULL,NULL,0,1AA000,0,72,1,NULL,NULL,NULL,0,90,NULL,0,0,0,0,0,-1,0,NULL,0,0,0,NULL,0,0,0,NULL,0,0,0,0,,0,,0,0
3,3,5,0,0,NULL,1,0,0,0,NULL,1,NULL,c88f544e1ac6c239054353666b5cfced,1,1,0,3.16E+17,NULL,06/14/19 06:47 PM,0000-00-00 00:00:00,30.7333148,76.7794179,30.7333148,76.7794179,06/14/19 01:17 PM,1,1,1,0,NULL,0,NULL,06/14/19 01:17 PM,06/14/19 01:17 PM,06/14/19 01:17 PM,06/14/19 01:17 PM,2,1,0,0,0,-330,06/14/19 06:47 PM,2019-06-14,06/14/19 01:17 PM,2019-06-14,NULL,2,5,NULL,NULL,NULL,0,NULL,0,0,0,0,,,,90,262144,0,40,0,0,90,1,NULL,NULL,NULL,0,3AA000,0,72,1,NULL,NULL,NULL,0,90,NULL,0,0,0,0,0,-1,0,NULL,0,0,0,NULL,0,0,0,NULL,0,0,0,0,,0,,0,0
5,4,1,0,0,NULL,1,0,0,0,NULL,1,NULL,fbe23210f868496251ccedbfdf32fb18,1,1,0,5.16E+17,,06/14/19 06:58 PM,0000-00-00 00:00:00,30.7333148,76.7794179,30.7333148,76.7794179,06/14/19 01:22 PM,1,1,1,0,NULL,0,NULL,06/14/19 01:22 PM,06/14/19 01:22 PM,06/14/19 01:22 PM,06/14/19 01:22 PM,2,1,0,0,0,-330,06/14/19 06:58 PM,2019-06-14,06/14/19 01:28 PM,2019-06-14,NULL,1,2,NULL,NULL,NULL,0,NULL,0,0,0,0,,,,70,8,0,20,0,0,70,1,NULL,NULL,NULL,0,5AA000,0,56,1,NULL,NULL,NULL,0,70,NULL,0,0,0,0,0,-1,0,NULL,0,0,0,NULL,0,0,0,NULL,0,0,0,0,,0,,0,0
6,4,1,0,0,NULL,1,0,0,0,NULL,1,NULL,27282c4003c76d0876857b4a7edbf2cc,1,1,0,5.16E+17,,0000-00-00 00:00:00,06/14/19 07:22 PM,30.6949279317918,76.8794488907576,30.6949279317918,76.8794488907576,06/14/19 01:22 PM,1,1,1,0,NULL,0,NULL,06/14/19 01:23 PM,06/14/19 01:23 PM,06/14/19 01:23 PM,06/14/19 01:22 PM,2,1,1,0,0,-330,06/14/19 07:22 PM,2019-06-14,06/14/19 01:52 PM,2019-06-14,NULL,1,3,NULL,NULL,NULL,0,NULL,0,0,0,0,,,,70,8,1,20,0,0,70,1,NULL,NULL,NULL,0,5AA000,0,56,1,NULL,NULL,NULL,0,70,NULL,0,0,0,0,0,-1,0,NULL,0,0,0,NULL,0,0,0,NULL,0,0,0,0,,0,,0,0
7,4,1,0,0,NULL,1,0,0,0,NULL,1,NULL,7093066eb74c17fbcbf97686ebdc01c6,1,1,0,7.16E+17,,06/17/19 11:15 AM,0000-00-00 00:00:00,30.7333148,76.7794179,30.7333148,76.7794179,06/17/19 05:40 AM,1,1,1,0,NULL,0,NULL,06/17/19 05:42 AM,06/17/19 05:41 AM,06/17/19 05:42 AM,06/17/19 05:41 AM,2,1,0,0,0,-330,06/17/19 11:15 AM,2019-06-17,06/17/19 05:45 AM,2019-06-17,NULL,1,1,NULL,NULL,NULL,0,NULL,0,0,0,0,,,,70,262144,0,20,0,0,70,1,NULL,NULL,NULL,0,7AA000,0,56,1,NULL,NULL,NULL,0,70,NULL,0,0,0,0,0,-1,0,NULL,0,0,0,NULL,0,0,0,NULL,0,0,0,0,,0,,0,0
8,4,1,0,0,NULL,1,0,0,0,NULL,1,NULL,3013109c84352bf42700f7476e33604f,1,1,0,7.16E+17,,0000-00-00 00:00:00,06/17/19 11:39 AM,30.6949279317918,76.8794488907576,30.6949279317918,76.8794488907576,06/17/19 05:40 AM,1,1,1,0,NULL,0,NULL,06/17/19 05:44 AM,06/17/19 05:44 AM,06/17/19 05:44 AM,06/17/19 05:41 AM,2,1,1,0,0,-330,06/17/19 11:39 AM,2019-06-17,06/17/19 06:09 AM,2019-06-17,NULL,1,2,NULL,NULL,NULL,0,NULL,0,0,0,0,,,,70,262144,1,20,0,0,70,1,NULL,NULL,NULL,0,7AA000,0,56,1,NULL,NULL,NULL,0,70,NULL,0,0,0,0,0,-1,0,NULL,0,0,0,NULL,0,0,0,NULL,0,0,0,0,,0,,0,0
9,4,1,0,0,NULL,1,0,0,0,NULL,2,NULL,5ce1c884d5065a7d398beab7efe3a49d,1,1,0,9.16E+17,,06/17/19 12:02 PM,0000-00-00 00:00:00,30.7333148,76.7794179,30.7333148,76.7794179,06/17/19 06:28 AM,1,1,1,0,NULL,0,NULL,06/17/19 06:31 AM,06/17/19 06:30 AM,06/17/19 06:31 AM,06/17/19 06:29 AM,2,1,0,0,0,-330,06/17/19 12:02 PM,2019-06-17,06/17/19 06:32 AM,2019-06-17,NULL,1,NULL,NULL,NULL,NULL,0,NULL,0,0,0,0,,,,70,8,0,20,0,0,70,1,NULL,NULL,NULL,0,9AA000,0,56,1,NULL,NULL,NULL,0,70,NULL,0,0,0,0,0,-1,0,NULL,0,0,0,NULL,0,0,0,NULL,0,0,0,0,,0,,0,0
10,4,1,0,0,NULL,1,0,0,0,NULL,2,NULL,cdf567d3338eee84a2e263cb47c764b7,1,1,0,9.16E+17,,0000-00-00 00:00:00,06/17/19 12:26 PM,30.6949279317918,76.8794488907576,30.6949279317918,76.8794488907576,06/17/19 06:28 AM,1,1,1,0,NULL,0,NULL,06/17/19 06:31 AM,06/17/19 06:31 AM,06/17/19 06:31 AM,06/17/19 06:29 AM,2,1,1,0,1,-330,06/17/19 12:26 PM,2019-06-17,06/17/19 06:56 AM,2019-06-17,NULL,1,NULL,NULL,NULL,NULL,0,NULL,0,0,0,0,,,,70,8,1,20,0,0,70,1,NULL,NULL,NULL,0,9AA000,0,56,1,NULL,NULL,NULL,0,70,NULL,0,0,0,0,0,-1,0,NULL,0,0,0,NULL,0,0,0,NULL,0,0,0,0,,0,,0,0
11,4,1,0,0,NULL,1,0,0,0,NULL,2,NULL,1106f291603b84f0e6d6804309c94f26,1,1,0,1.12E+18,,06/17/19 12:10 PM,0000-00-00 00:00:00,30.7333148,76.7794179,30.7333148,76.7794179,06/17/19 06:35 AM,1,1,1,0,NULL,0,NULL,06/17/19 06:36 AM,06/17/19 06:36 AM,06/17/19 06:36 AM,06/17/19 06:36 AM,2,1,0,0,0,-330,06/17/19 12:10 PM,2019-06-17,06/17/19 06:40 AM,2019-06-17,NULL,1,NULL,NULL,NULL,NULL,0,NULL,0,0,0,0,,,,70,8,0,20,0,0,70,1,NULL,NULL,NULL,0,11AA000,0,56,1,NULL,NULL,NULL,0,70,NULL,0,0,0,0,0,-1,0,NULL,0,0,0,NULL,0,0,0,NULL,0,0,0,0,,0,,0,0
12,4,1,0,0,NULL,1,0,0,0,NULL,2,NULL,55ce900dfb0d451d95fd7d80d16fcc07,1,1,0,1.12E+18,,0000-00-00 00:00:00,06/17/19 12:34 PM,30.6949279317918,76.8794488907576,30.6949279317918,76.8794488907576,06/17/19 06:35 AM,1,1,1,0,NULL,0,NULL,06/17/19 06:38 AM,06/17/19 06:37 AM,06/17/19 06:38 AM,06/17/19 06:36 AM,2,1,1,0,0,-330,06/17/19 12:34 PM,2019-06-17,06/17/19 07:04 AM,2019-06-17,NULL,1,NULL,NULL,NULL,NULL,0,NULL,0,0,0,0,,,,70,8,1,20,0,0,70,1,NULL,NULL,NULL,0,11AA000,0,56,1,NULL,NULL,NULL,0,70,NULL,0,0,0,0,0,-1,0,NULL,0,0,0,NULL,0,0,0,NULL,0,0,0,0,,0,,0,0
13,3,9,0,0,NULL,1,0,0,0,NULL,2,NULL,fb1e749039c4162a1846f29436544963,1,1,0,1.32E+18,NULL,06/18/19 11:27 AM,0000-00-00 00:00:00,30.7188978,76.8102981,30.7188978,76.8102981,06/18/19 05:58 AM,1,1,1,0,NULL,0,NULL,06/18/19 11:42 AM,06/18/19 11:42 AM,06/18/19 11:42 AM,06/18/19 11:42 AM,2,1,0,0,0,-330,06/18/19 11:27 AM,2019-06-18,06/18/19 05:57 AM,2019-06-18,NULL,2,NULL,NULL,NULL,NULL,0,NULL,0,0,0,0,,,,590,8,0,439.1,0,0,590,1,NULL,NULL,NULL,0,13AA000,0,472,1,NULL,NULL,NULL,0,590,NULL,0,0,0,0,0,-1,0,NULL,0,0,0,NULL,0,0,0,NULL,0,0,0,0,,0,,0,0
14,3,9,0,0,NULL,1,0,0,0,NULL,2,NULL,1bc25ad5f49accc492c3b57454d7f041,1,1,0,1.32E+18,NULL,0000-00-00 00:00:00,06/18/19 11:36 AM,30.7293631,76.7919727999999,30.7293631,76.7919727999999,06/18/19 05:58 AM,1,1,1,0,NULL,0,NULL,06/18/19 11:43 AM,06/18/19 11:43 AM,06/18/19 11:43 AM,06/18/19 11:42 AM,2,1,1,0,0,-330,06/18/19 11:36 AM,2019-06-18,06/18/19 06:06 AM,2019-06-18,NULL,2,NULL,NULL,NULL,NULL,0,NULL,0,0,0,0,,,,590,8,1,439.1,0,0,590,1,NULL,NULL,NULL,0,13AA000,0,472,1,NULL,NULL,NULL,0,590,NULL,0,0,0,0,0,-1,0,NULL,0,0,0,NULL,0,0,0,NULL,0,0,0,0,,0,,0,0
16,3,8,0,0,NULL,1,0,0,0,NULL,2,NULL,d135df594f1bb5ed7627899c80bb89de,1,1,0,1.52E+18,NULL,0000-00-00 00:00:00,06/18/19 04:43 PM,30.3397809,76.3868797,30.3397809,76.3868797,06/18/19 10:55 AM,1,1,1,0,NULL,0,NULL,06/18/19 11:42 AM,06/18/19 11:42 AM,06/18/19 11:42 AM,06/18/19 11:42 AM,2,1,1,0,0,-330,06/18/19 04:43 PM,2019-06-18,06/18/19 11:13 AM,2019-06-18,NULL,2,NULL,NULL,NULL,NULL,0,NULL,0,0,0,0,,,,300,8,1,200,0,0,300,1,NULL,NULL,NULL,0,15AA000,100,160,1,NULL,NULL,8,1,300,NULL,0,0,0,0,0,-1,0,NULL,0,0,0,NULL,0,0,0,NULL,0,0,0,0,,0,,0,0
17,3,7,0,0,NULL,1,0,0,0,NULL,2,NULL,bcd9d958f74e4c43e9be842d45cfad17,1,1,0,1.72E+18,NULL,06/18/19 04:39 PM,0000-00-00 00:00:00,30.7188978,76.8102981,30.7188978,76.8102981,06/18/19 11:09 AM,1,1,1,0,NULL,0,NULL,06/18/19 11:41 AM,06/18/19 11:41 AM,06/18/19 11:41 AM,06/18/19 11:41 AM,2,1,0,0,0,-330,06/18/19 04:39 PM,2019-06-18,06/18/19 11:09 AM,2019-06-18,NULL,2,NULL,NULL,NULL,NULL,0,NULL,0,0,0,0,,,,1640,8,0,1387.8,100,0,1640,1,NULL,NULL,NULL,0,17AA000,0,1312,1,NULL,NULL,NULL,0,1640,NULL,0,0,0,0,0,-1,0,NULL,0,0,0,NULL,0,0,0,NULL,0,0,0,0,,0,,0,0
18,3,7,0,0,NULL,1,0,0,0,NULL,2,NULL,1e8831bf591909f1aabc36a9c0135823,1,1,0,1.72E+18,NULL,0000-00-00 00:00:00,06/18/19 04:57 PM,30.6942091,76.860565,30.6942091,76.860565,06/18/19 11:09 AM,1,1,1,0,NULL,0,NULL,06/18/19 11:42 AM,06/18/19 11:42 AM,06/18/19 11:42 AM,06/18/19 11:41 AM,2,1,1,0,0,-330,06/18/19 04:57 PM,2019-06-18,06/18/19 11:27 AM,2019-06-18,NULL,2,NULL,NULL,NULL,NULL,0,NULL,0,100,1000,1,,,,1640,8,0,1387.8,100,0,1640,1,NULL,NULL,NULL,0,17AA000,0,1312,1,NULL,NULL,NULL,0,1640,NULL,0,0,0,0,0,-1,0,NULL,0,0,0,NULL,0,0,0,NULL,0,0,0,0,,0,,0,0
19,3,7,0,0,NULL,1,0,0,0,NULL,2,NULL,4a31bfb8e0cb11dfe4e33f3dc4b05832,1,1,0,1.72E+18,NULL,0000-00-00 00:00:00,06/18/19 05:15 PM,30.7188978,76.8102981,30.7188978,76.8102981,06/18/19 11:09 AM,1,1,1,0,NULL,0,NULL,06/18/19 11:42 AM,06/18/19 11:42 AM,06/18/19 11:42 AM,06/18/19 11:41 AM,2,1,1,0,0,-330,06/18/19 05:15 PM,2019-06-18,06/18/19 11:45 AM,2019-06-18,NULL,2,NULL,NULL,NULL,NULL,0,NULL,1,0,0,0,,,,1640,8,1,1387.8,100,0,1640,1,NULL,NULL,NULL,0,17AA000,0,1312,1,NULL,NULL,NULL,0,1640,NULL,0,0,0,0,0,-1,0,NULL,0,0,0,NULL,0,0,0,NULL,0,0,0,0,,0,,0,0
20,3,7,0,0,NULL,1,0,0,0,NULL,2,NULL,a41ba6d9470fad7be9c208dc9c2e4498,1,1,0,2.02E+18,NULL,06/18/19 04:40 PM,0000-00-00 00:00:00,30.6948386,76.879502,30.6948386,76.879502,06/18/19 11:10 AM,1,1,1,0,NULL,0,NULL,06/18/19 11:10 AM,06/18/19 11:12 AM,06/18/19 11:12 AM,06/18/19 11:12 AM,2,1,0,0,0,-330,06/18/19 04:40 PM,2019-06-18,06/18/19 11:10 AM,2019-06-18,NULL,2,5,NULL,NULL,NULL,0,NULL,0,0,0,0,,,,1710,8,0,1563.2,0,0,1710,1,NULL,NULL,NULL,0,20AA000,0,1368,1,NULL,NULL,NULL,0,1710,NULL,0,0,0,0,0,-1,0,NULL,0,0,0,NULL,0,0,0,NULL,0,0,0,0,,0,,0,0
21,3,7,0,0,NULL,1,0,0,0,NULL,2,NULL,8c8d9ef7bb749954144b6e4d0790bc87,1,1,0,2.02E+18,NULL,0000-00-00 00:00:00,06/18/19 04:50 PM,30.7333148,76.7794179,30.7333148,76.7794179,06/18/19 11:10 AM,1,1,1,0,NULL,0,NULL,06/18/19 11:11 AM,06/18/19 11:11 AM,06/18/19 11:11 AM,06/18/19 11:10 AM,2,1,1,0,0,-330,06/18/19 04:50 PM,2019-06-18,06/18/19 11:20 AM,2019-06-18,NULL,2,5,NULL,NULL,NULL,0,NULL,0,0,0,0,,,,1710,8,0,1563.2,0,0,1710,1,NULL,NULL,NULL,0,20AA000,0,1368,1,NULL,NULL,NULL,0,1710,NULL,0,0,0,0,0,-1,0,NULL,0,0,0,NULL,0,0,0,NULL,0,0,0,0,,0,,0,0
22,3,7,0,0,NULL,1,0,0,0,NULL,2,NULL,d5f03f0c361d1747771bab7926cccfea,1,1,0,2.02E+18,NULL,0000-00-00 00:00:00,06/18/19 05:12 PM,30.6942091,76.860565,30.6942091,76.860565,06/18/19 11:10 AM,1,1,1,0,NULL,0,NULL,06/18/19 11:12 AM,06/18/19 11:12 AM,06/18/19 11:12 AM,06/18/19 11:12 AM,2,1,1,0,0,-330,06/18/19 05:12 PM,2019-06-18,06/18/19 11:42 AM,2019-06-18,NULL,2,NULL,NULL,NULL,NULL,0,NULL,0,0,0,0,,,,1710,8,1,1563.2,0,0,1710,1,NULL,NULL,NULL,0,20AA000,0,1368,1,NULL,NULL,NULL,0,1710,NULL,0,0,0,0,0,-1,0,NULL,0,0,0,NULL,0,0,0,NULL,0,0,0,0,,0,,0,0
24,4,6,0,0,NULL,1,0,0,0,NULL,2,NULL,03b5dc5a1a2d0b0e85302c53a0ce67f4,1,1,0,2.32E+18,,0000-00-00 00:00:00,06/18/19 05:29 PM,30.7333148,76.7794179,30.7333148,76.7794179,06/18/19 11:36 AM,1,1,1,0,NULL,0,NULL,06/18/19 11:41 AM,06/18/19 11:41 AM,06/18/19 11:41 AM,06/18/19 11:41 AM,2,1,1,0,0,-330,06/18/19 05:29 PM,2019-06-18,06/18/19 11:59 AM,2019-06-18,NULL,1,NULL,NULL,NULL,NULL,0,NULL,0,0,0,0,,,,980,8,1,834.9,0,0,980,1,NULL,NULL,NULL,0,23AA000,0,784,1,NULL,NULL,NULL,0,980,NULL,0,0,0,0,0,-1,0,NULL,0,0,0,NULL,0,0,0,NULL,0,0,0,0,,0,,0,0
26,4,6,0,0,NULL,1,0,0,0,NULL,2,NULL,48c2b18f21df8770734418fc6c5f84e4,1,1,0,2.52E+18,,0000-00-00 00:00:00,06/18/19 05:38 PM,30.7188978,76.8102981,30.7188978,76.8102981,06/18/19 11:37 AM,1,1,1,5,,1,NULL,06/18/19 11:40 AM,06/18/19 11:40 AM,06/18/19 11:40 AM,06/18/19 11:40 AM,2,1,1,0,0,-330,06/18/19 05:38 PM,2019-06-18,06/18/19 12:08 PM,2019-06-18,NULL,1,NULL,NULL,NULL,NULL,0,NULL,0,0,0,0,,,,1250,8,1,1102.4,0,0,1250,1,NULL,NULL,NULL,0,25AA000,0,1000,1,NULL,NULL,NULL,0,1250,NULL,0,0,0,0,0,-1,0,NULL,0,0,0,NULL,0,0,0,NULL,0,0,0,0,,0,,0,0
28,4,8,0,0,NULL,1,0,0,0,NULL,2,NULL,2987e88f347d38a81f7dd16e4679fc40,1,1,0,2.72E+18,,0000-00-00 00:00:00,06/18/19 05:49 PM,30.7052881,76.844708,30.7052881,76.844708,06/18/19 11:38 AM,1,1,1,0,NULL,0,NULL,06/18/19 11:40 AM,06/18/19 11:40 AM,06/18/19 11:40 AM,06/18/19 11:40 AM,2,1,1,0,0,-330,06/18/19 05:49 PM,2019-06-18,06/18/19 12:19 PM,2019-06-18,NULL,1,NULL,NULL,NULL,NULL,0,NULL,0,0,0,0,,,,1500,8,1,1404.5,0,0,1500,1,NULL,NULL,NULL,0,27AA000,0,1200,1,NULL,NULL,NULL,0,1500,NULL,0,0,0,0,0,-1,0,NULL,0,0,0,NULL,0,0,0,NULL,0,0,0,0,,0,,0,0
29,4,8,0,0,NULL,1,0,0,0,NULL,2,NULL,ab8b0c227241ab33acdcd66926955eba,1,1,0,2.92E+18,,06/18/19 05:22 PM,0000-00-00 00:00:00,30.6948331,76.8795669,30.6948331,76.8795669,06/18/19 11:46 AM,3,3,1,0,NULL,0,NULL,06/18/19 11:58 AM,06/18/19 12:00 PM,06/18/19 12:00 PM,06/18/19 12:00 PM,2,1,0,0,0,-330,06/18/19 05:22 PM,2019-06-18,06/18/19 11:52 AM,2019-06-18,NULL,1,NULL,NULL,NULL,NULL,0,NULL,0,0,0,0,,,,980,8,0,834.9,0,0,980,1,NULL,NULL,NULL,0,29AA000,0,784,1,NULL,NULL,NULL,0,980,NULL,0,0,0,0,0,-1,0,NULL,0,0,0,NULL,0,0,0,NULL,0,0,0,0,,0,,0,0
30,4,8,0,0,NULL,1,0,0,0,NULL,2,NULL,0e212d719f996f94deb1a65e4b006010,1,1,0,2.92E+18,,0000-00-00 00:00:00,06/18/19 05:40 PM,30.7333148,76.7794179,30.7333148,76.7794179,06/18/19 11:46 AM,3,3,1,0,NULL,0,NULL,06/18/19 12:00 PM,06/18/19 12:00 PM,06/18/19 12:00 PM,06/18/19 12:00 PM,2,1,1,0,0,-330,06/18/19 05:40 PM,2019-06-18,06/18/19 12:10 PM,2019-06-18,NULL,1,NULL,NULL,NULL,NULL,0,NULL,0,0,0,0,,,,980,8,1,834.9,0,0,980,1,NULL,NULL,NULL,0,29AA000,0,784,1,NULL,NULL,NULL,0,980,NULL,0,0,0,0,0,-1,0,NULL,0,0,0,NULL,0,0,0,NULL,0,0,0,0,,0,,0,0
31,4,8,0,0,NULL,1,0,0,0,NULL,1,NULL,1c8d7bf76774a78707d86380a9630931,1,1,0,3.12E+18,,06/18/19 05:22 PM,0000-00-00 00:00:00,30.7333148,76.7794179,30.7333148,76.7794179,06/18/19 11:46 AM,NULL,NULL,1,0,NULL,0,NULL,06/19/19 05:41 AM,06/19/19 05:41 AM,06/19/19 05:41 AM,06/19/19 05:41 AM,9,1,0,0,0,-330,06/18/19 05:22 PM,2019-06-18,06/18/19 11:52 AM,2019-06-18,NULL,1,NULL,NULL,NULL,NULL,0,NULL,0,0,0,0,,,,1100,8,0,1001.5,0,0,1100,1,NULL,NULL,NULL,0,31AA000,0,0,0,NULL,NULL,NULL,0,1100,NULL,0,0,0,0,0,-1,0,NULL,0,0,0,NULL,0,0,0,NULL,0,0,0,0,,0,,0,0
32,4,8,0,0,NULL,1,0,0,0,NULL,1,NULL,5015115dfcf088b5ecf6a7dc9bd87812,1,1,0,3.12E+18,,0000-00-00 00:00:00,06/18/19 05:45 PM,30.6942091,76.860565,30.6942091,76.860565,06/18/19 11:46 AM,NULL,NULL,1,0,NULL,0,NULL,06/19/19 05:41 AM,06/19/19 05:41 AM,06/19/19 05:41 AM,06/19/19 05:41 AM,9,1,1,0,0,-330,06/18/19 05:45 PM,2019-06-18,06/18/19 12:15 PM,2019-06-18,NULL,1,NULL,NULL,NULL,NULL,0,NULL,0,0,0,0,,,,1100,8,0,1001.5,0,0,1100,1,NULL,NULL,NULL,0,31AA000,0,0,0,NULL,NULL,NULL,0,1100,NULL,0,0,0,0,0,-1,0,NULL,0,0,0,NULL,0,0,0,NULL,0,0,0,0,,0,,0,0
33,4,6,0,0,NULL,1,0,0,0,NULL,1,NULL,99976914220d88f69b1522cacf4f5d45,1,1,0,3.32E+18,,06/18/19 05:23 PM,0000-00-00 00:00:00,30.6942091,76.860565,30.6942091,76.860565,06/18/19 11:48 AM,NULL,NULL,1,0,NULL,0,NULL,0000-00-00 00:00:00,0000-00-00 00:00:00,0000-00-00 00:00:00,0000-00-00 00:00:00,6,1,0,0,0,-330,06/18/19 05:23 PM,2019-06-18,06/18/19 11:53 AM,2019-06-18,NULL,1,NULL,NULL,NULL,NULL,0,NULL,0,0,0,0,,,,1090,8,0,944.4,0,0,1090,1,NULL,NULL,NULL,0,33AA000,0,0,0,NULL,NULL,NULL,0,1090,NULL,0,0,0,0,0,-1,0,NULL,0,0,0,NULL,0,0,0,NULL,0,0,0,0,,0,,0,0
34,4,6,0,0,NULL,1,0,0,0,NULL,1,NULL,4d1811bed3b6c22372500871f0a70a39,1,1,0,3.32E+18,,0000-00-00 00:00:00,06/18/19 05:43 PM,30.7333148,76.7794179,30.7333148,76.7794179,06/18/19 11:48 AM,NULL,NULL,1,0,NULL,0,NULL,0000-00-00 00:00:00,0000-00-00 00:00:00,0000-00-00 00:00:00,0000-00-00 00:00:00,6,1,1,0,0,-330,06/18/19 05:43 PM,2019-06-18,06/18/19 12:13 PM,2019-06-18,NULL,1,NULL,NULL,NULL,NULL,0,NULL,0,0,0,0,,,,1090,8,0,944.4,0,0,1090,1,NULL,NULL,NULL,0,33AA000,0,0,0,NULL,NULL,NULL,0,1090,NULL,0,0,0,0,0,-1,0,NULL,0,0,0,NULL,0,0,0,NULL,0,0,0,0,,0,,0,0
35,3,7,0,0,NULL,1,0,0,0,NULL,2,NULL,7279bee795a9282372ec05a0e6c2f004,1,1,0,3.52E+18,NULL,06/18/19 05:21 PM,0000-00-00 00:00:00,30.7188978,76.8102981,30.7188978,76.8102981,06/18/19 11:51 AM,1,1,1,0,NULL,0,NULL,06/19/19 05:28 AM,06/19/19 05:28 AM,06/19/19 05:28 AM,06/19/19 05:28 AM,2,1,0,0,0,-330,06/18/19 05:21 PM,2019-06-18,06/18/19 11:51 AM,2019-06-18,NULL,2,NULL,NULL,NULL,NULL,0,NULL,0,0,0,0,,,,680,8,0,526.5,0,0,680,1,NULL,NULL,NULL,0,35AA000,0,544,1,NULL,NULL,NULL,0,680,NULL,0,0,0,0,0,-1,0,NULL,0,0,0,NULL,0,0,0,NULL,0,0,0,0,,0,,0,0
36,3,7,0,0,NULL,1,0,0,0,NULL,2,NULL,0b4fb55643fd016acd7909724eb72056,1,1,0,3.52E+18,NULL,0000-00-00 00:00:00,06/18/19 05:31 PM,30.7333148,76.7794179,30.7333148,76.7794179,06/18/19 11:51 AM,1,1,1,0,NULL,0,NULL,06/19/19 05:28 AM,06/19/19 05:28 AM,06/19/19 05:28 AM,06/19/19 05:28 AM,2,1,1,0,0,-330,06/18/19 05:31 PM,2019-06-18,06/18/19 12:01 PM,2019-06-18,NULL,2,NULL,NULL,NULL,NULL,0,NULL,0,0,0,0,,,,680,8,1,526.5,0,0,680,1,NULL,NULL,NULL,0,35AA000,0,544,1,NULL,NULL,NULL,0,680,NULL,0,0,0,0,0,-1,0,NULL,0,0,0,NULL,0,0,0,NULL,0,0,0,0,,0,,0,0
37,3,7,0,0,NULL,1,0,0,0,NULL,1,NULL,26c446a43e97002363dffb1d00c83f6d,1,1,0,3.72E+18,NULL,06/18/19 05:22 PM,0000-00-00 00:00:00,30.7188978,76.8102981,30.7188978,76.8102981,06/18/19 11:52 AM,NULL,NULL,1,0,NULL,0,NULL,0000-00-00 00:00:00,0000-00-00 00:00:00,0000-00-00 00:00:00,0000-00-00 00:00:00,6,1,0,0,0,-330,06/18/19 05:22 PM,2019-06-18,06/18/19 11:52 AM,2019-06-18,NULL,2,NULL,NULL,NULL,NULL,0,NULL,0,0,0,0,,,,680,8,0,526.5,0,0,680,1,NULL,NULL,NULL,0,37AA000,0,0,0,NULL,NULL,NULL,0,680,NULL,0,0,0,0,0,-1,0,NULL,0,0,0,NULL,0,0,0,NULL,0,0,0,0,,0,,0,0
38,3,7,0,0,NULL,1,0,0,0,NULL,1,NULL,001559c88eb0f1c92966e4b789f15965,1,1,0,3.72E+18,NULL,0000-00-00 00:00:00,06/18/19 05:32 PM,30.7333148,76.7794179,30.7333148,76.7794179,06/18/19 11:52 AM,NULL,NULL,1,0,NULL,0,NULL,0000-00-00 00:00:00,0000-00-00 00:00:00,0000-00-00 00:00:00,0000-00-00 00:00:00,6,1,1,0,0,-330,06/18/19 05:32 PM,2019-06-18,06/18/19 12:02 PM,2019-06-18,NULL,2,NULL,NULL,NULL,NULL,0,NULL,0,0,0,0,,,,680,8,0,526.5,0,0,680,1,NULL,NULL,NULL,0,37AA000,0,0,0,NULL,NULL,NULL,0,680,NULL,0,0,0,0,0,-1,0,NULL,0,0,0,NULL,0,0,0,NULL,0,0,0,0,,0,,0,0
39,3,7,0,0,NULL,1,0,0,0,NULL,2,NULL,dff5a150c83b8b02e7b17830800e7b67,1,1,0,3.92E+18,NULL,06/18/19 05:24 PM,0000-00-00 00:00:00,30.7188978,76.8102981,30.7188978,76.8102981,06/18/19 11:54 AM,3,3,1,0,NULL,0,NULL,06/18/19 11:54 AM,06/18/19 11:54 AM,06/18/19 11:54 AM,06/18/19 11:54 AM,2,1,0,0,0,-330,06/18/19 05:24 PM,2019-06-18,06/18/19 11:54 AM,2019-06-18,NULL,2,5,NULL,NULL,NULL,0,NULL,0,0,0,0,,,,680,8,0,526.5,0,0,680,1,NULL,NULL,NULL,0,39AA000,0,544,1,NULL,NULL,NULL,0,680,NULL,0,0,0,0,0,-1,0,NULL,0,0,0,NULL,0,0,0,NULL,0,0,0,0,,0,,0,0
40,3,7,0,0,NULL,1,0,0,0,NULL,2,NULL,611b89439fe451097ca5474e76bccca0,1,1,0,3.92E+18,NULL,0000-00-00 00:00:00,06/18/19 05:33 PM,30.7333148,76.7794179,30.7333148,76.7794179,06/18/19 11:54 AM,3,3,1,0,NULL,0,NULL,06/18/19 11:54 AM,06/18/19 11:54 AM,06/18/19 11:54 AM,06/18/19 11:54 AM,2,1,1,0,0,-330,06/18/19 05:33 PM,2019-06-18,06/18/19 12:03 PM,2019-06-18,NULL,2,5,NULL,NULL,NULL,0,NULL,0,0,0,0,,,,680,8,1,526.5,0,0,680,1,NULL,NULL,NULL,0,39AA000,0,544,1,NULL,NULL,NULL,0,680,NULL,0,0,0,0,0,-1,0,NULL,0,0,0,NULL,0,0,0,NULL,0,0,0,0,,0,,0,0
42,4,8,0,0,NULL,1,0,0,0,NULL,2,NULL,6a8b67e709543bf3f847f1aa9322d908,1,1,0,4.12E+18,,0000-00-00 00:00:00,06/18/19 05:49 PM,30.7333148,76.7794179,30.7333148,76.7794179,06/18/19 11:55 AM,3,3,1,0,NULL,0,NULL,06/18/19 11:55 AM,06/18/19 11:55 AM,06/18/19 11:55 AM,06/18/19 11:55 AM,2,1,1,0,0,-330,06/18/19 05:49 PM,2019-06-18,06/18/19 12:19 PM,2019-06-18,NULL,1,5,NULL,NULL,NULL,0,NULL,0,0,0,0,,,,980,8,1,834.9,0,0,980,1,NULL,NULL,NULL,0,41AA000,0,784,1,NULL,NULL,NULL,0,980,NULL,0,0,0,0,0,-1,0,NULL,0,0,0,NULL,0,0,0,NULL,0,0,0,0,,0,,0,0
43,3,7,0,0,NULL,1,0,0,0,NULL,2,NULL,9eabafb3b1f467ef37a75ba27b43e693,1,1,0,4.32E+18,NULL,06/18/19 05:30 PM,0000-00-00 00:00:00,30.7188978,76.8102981,30.7188978,76.8102981,06/18/19 12:01 PM,3,3,1,0,NULL,0,NULL,06/18/19 12:01 PM,06/18/19 12:01 PM,06/18/19 12:01 PM,06/18/19 12:01 PM,2,1,0,0,0,-330,06/18/19 05:30 PM,2019-06-18,06/18/19 12:00 PM,2019-06-18,NULL,2,5,NULL,NULL,NULL,0,NULL,0,0,0,0,,,,680,8,0,526.5,0,0,680,1,NULL,NULL,NULL,0,43AA000,0,544,1,NULL,NULL,NULL,0,680,NULL,0,0,0,0,0,-1,0,NULL,0,0,0,NULL,0,0,0,NULL,0,0,0,0,,0,,0,0
44,3,7,0,0,NULL,1,0,0,0,NULL,2,NULL,ca6451ab9bdf1e3262e29527e9ce80b3,1,1,0,4.32E+18,NULL,0000-00-00 00:00:00,06/18/19 05:40 PM,30.7333148,76.7794179,30.7333148,76.7794179,06/18/19 12:01 PM,3,3,1,0,NULL,0,NULL,06/19/19 06:08 AM,06/18/19 12:01 PM,06/19/19 06:08 AM,06/18/19 12:01 PM,2,1,1,0,0,-330,06/18/19 05:40 PM,2019-06-18,06/18/19 12:10 PM,2019-06-18,NULL,2,5,NULL,NULL,NULL,0,NULL,0,0,0,0,,,,680,8,1,526.5,0,0,680,1,NULL,NULL,NULL,0,43AA000,0,544,1,NULL,NULL,NULL,0,680,NULL,0,0,0,0,0,-1,0,NULL,0,0,0,NULL,0,0,0,NULL,0,0,0,0,,0,,0,0
46,4,6,0,0,NULL,1,0,0,0,NULL,2,NULL,89581f41b906e0379409fc662f38966e,1,1,0,4.52E+18,,0000-00-00 00:00:00,06/19/19 11:23 AM,30.7333148,76.7794179,30.7333148,76.7794179,06/19/19 05:32 AM,1,1,1,0,NULL,0,NULL,06/19/19 05:33 AM,06/19/19 05:33 AM,06/19/19 05:33 AM,06/19/19 05:33 AM,2,1,1,0,0,-330,06/19/19 11:23 AM,2019-06-19,06/19/19 05:53 AM,2019-06-19,NULL,1,5,NULL,NULL,NULL,0,NULL,0,0,0,0,,,,980,8,1,834.9,0,0,980,1,NULL,NULL,NULL,0,45AA000,0,784,1,NULL,NULL,NULL,0,980,NULL,0,0,0,0,0,-1,0,NULL,0,0,0,NULL,0,0,0,NULL,0,0,0,0,,0,,0,0
48,4,8,0,0,NULL,1,0,0,0,NULL,2,NULL,e98f7583a3bec36946b362af89a9770d,1,1,0,4.72E+18,,0000-00-00 00:00:00,06/19/19 11:32 AM,30.7333148,76.7794179,30.7333148,76.7794179,06/19/19 05:37 AM,1,1,1,0,NULL,0,NULL,06/19/19 05:38 AM,06/19/19 05:38 AM,06/19/19 05:38 AM,06/19/19 05:37 AM,2,1,1,0,0,-330,06/19/19 11:32 AM,2019-06-19,06/19/19 06:02 AM,2019-06-19,NULL,1,5,NULL,NULL,NULL,0,NULL,0,0,0,0,,,,980,8,1,834.9,0,0,980,1,NULL,NULL,NULL,0,47AA000,0,784,1,NULL,NULL,NULL,0,980,NULL,0,0,0,0,0,-1,0,NULL,0,0,0,NULL,0,0,0,NULL,0,0,0,0,,0,,0,0
50,4,8,0,0,NULL,1,0,0,0,NULL,2,NULL,985b5e0fb25662d4d260345cce0a854a,1,1,0,4.92E+18,,0000-00-00 00:00:00,06/19/19 11:33 AM,30.6942091,76.860565,30.6942091,76.860565,06/19/19 05:38 AM,1,1,1,5,Write a review,1,NULL,06/19/19 05:39 AM,06/19/19 05:39 AM,06/19/19 05:39 AM,06/19/19 05:38 AM,2,1,1,0,0,-330,06/19/19 11:33 AM,2019-06-19,06/19/19 06:03 AM,2019-06-19,NULL,1,5,NULL,NULL,NULL,0,NULL,0,0,0,0,,,,1800,8,0,1700.8,0,0,1800,1,NULL,NULL,NULL,0,49AA000,100,1360,1,NULL,NULL,8,1,1800,NULL,0,0,0,0,0,-1,0,NULL,0,0,0,NULL,0,0,0,NULL,0,0,0,0,,0,,0,0
53,0,NULL,0,0,NULL,1,0,0,0,,2,NULL,cf6eea593156326c72bd80886751e5ce,1,1,0,5.22E+18,test,0000-00-00 00:00:00,06/19/19 11:37 AM,30.7333148,76.7794179,30.7333148,76.7794179,06/19/19 06:07 AM,1,1,1,0,NULL,0,NULL,06/19/19 06:07 AM,06/19/19 06:07 AM,06/19/19 06:07 AM,06/19/19 06:07 AM,2,1,1,0,0,-330,06/19/19 11:37 AM,2019-06-19,06/19/19 06:07 AM,2019-06-19,NULL,NULL,5,NULL,NULL,NULL,0,NULL,0,200,2000,1,,,,0,8,1,0,200,0,0,1,NULL,NULL,NULL,0,52AA000,0,0,1,NULL,NULL,NULL,0,0,NULL,0,0,0,0,0,-1,0,NULL,0,0,0,NULL,0,0,0,NULL,0,0,0,0,,0,,0,0
54,3,2,0,0,NULL,1,0,0,0,NULL,1,NULL,1c7ee8fc40f5fc8264069c5120b9c2e9,1,1,0,5.42E+18,NULL,06/19/19 11:46 AM,0000-00-00 00:00:00,30.7333148,76.7794179,30.7333148,76.7794179,06/19/19 06:16 AM,NULL,NULL,1,0,NULL,0,NULL,0000-00-00 00:00:00,0000-00-00 00:00:00,0000-00-00 00:00:00,0000-00-00 00:00:00,6,1,0,0,0,-330,06/19/19 11:46 AM,2019-06-19,06/19/19 06:16 AM,2019-06-19,NULL,2,NULL,NULL,NULL,NULL,0,NULL,0,0,0,0,,,,1100,8,0,1001.5,0,0,1100,1,NULL,NULL,NULL,0,54AA000,0,0,0,NULL,NULL,NULL,0,1100,NULL,0,0,0,0,0,-1,0,NULL,0,0,0,NULL,0,0,0,NULL,0,0,0,0,,0,,0,0
55,3,2,0,0,NULL,1,0,0,0,NULL,1,NULL,c1235f1540e6d621758456825f405c5c,1,1,0,5.42E+18,NULL,0000-00-00 00:00:00,06/19/19 12:08 PM,30.6942091,76.860565,30.6942091,76.860565,06/19/19 06:16 AM,NULL,NULL,1,0,NULL,0,NULL,0000-00-00 00:00:00,0000-00-00 00:00:00,0000-00-00 00:00:00,0000-00-00 00:00:00,6,1,1,0,1,-330,06/19/19 12:08 PM,2019-06-19,06/19/19 06:38 AM,2019-06-19,NULL,2,NULL,NULL,NULL,NULL,0,NULL,0,0,0,0,,,,1100,8,0,1001.5,0,0,1100,1,NULL,NULL,NULL,0,54AA000,0,0,0,NULL,NULL,NULL,0,1100,NULL,0,0,0,0,0,-1,0,NULL,0,0,0,NULL,0,0,0,NULL,0,0,0,0,,0,,0,0
56,3,2,0,0,NULL,1,0,0,0,NULL,1,NULL,db76f2b5f63921740356e0ee8296b0e9,1,1,0,5.62E+18,NULL,06/19/19 11:48 AM,0000-00-00 00:00:00,30.7333148,76.7794179,30.7333148,76.7794179,06/19/19 06:18 AM,3,3,1,0,NULL,0,NULL,06/19/19 06:18 AM,06/19/19 06:18 AM,06/19/19 06:18 AM,06/19/19 06:18 AM,2,1,0,0,0,-330,06/19/19 11:48 AM,2019-06-19,06/19/19 06:18 AM,2019-06-19,NULL,2,5,NULL,NULL,NULL,0,NULL,0,0,0,0,,,,1100,8,0,1001.5,0,0,1100,1,NULL,NULL,NULL,0,56AA000,0,880,1,NULL,NULL,NULL,0,1100,NULL,0,0,0,0,0,-1,0,NULL,0,0,0,NULL,0,0,0,NULL,0,0,0,0,,0,,0,0
57,3,2,0,0,NULL,1,0,0,0,NULL,1,NULL,2e6229fc766a2c311b365117ad2e393f,1,1,0,5.62E+18,NULL,0000-00-00 00:00:00,06/19/19 12:10 PM,30.6942091,76.860565,30.6942091,76.860565,06/19/19 06:18 AM,3,3,1,0,NULL,0,NULL,06/19/19 06:18 AM,06/19/19 06:18 AM,06/19/19 06:18 AM,06/19/19 06:18 AM,2,1,1,0,0,-330,06/19/19 12:10 PM,2019-06-19,06/19/19 06:40 AM,2019-06-19,NULL,2,5,NULL,NULL,NULL,0,NULL,0,0,0,0,,,,1100,8,1,1001.5,0,0,1100,1,NULL,NULL,NULL,0,56AA000,0,880,1,NULL,NULL,NULL,0,1100,NULL,0,0,0,0,0,-1,0,NULL,0,0,0,NULL,0,0,0,NULL,0,0,0,0,,0,,0,0
58,3,2,0,0,NULL,1,0,0,0,NULL,1,NULL,d491f3809eb075fc4f9551061ddcd792,1,1,0,5.82E+18,NULL,06/19/19 02:21 PM,0000-00-00 00:00:00,30.7333148,76.7794179,30.7333148,76.7794179,06/19/19 08:51 AM,NULL,NULL,1,0,NULL,0,NULL,0000-00-00 00:00:00,0000-00-00 00:00:00,0000-00-00 00:00:00,0000-00-00 00:00:00,6,1,0,0,0,-330,06/19/19 02:21 PM,2019-06-19,06/19/19 08:51 AM,2019-06-19,NULL,2,NULL,NULL,NULL,NULL,0,NULL,0,0,0,0,,,,840,8,0,744.3,0,0,840,1,NULL,NULL,NULL,0,58AA000,0,0,0,NULL,NULL,NULL,0,840,NULL,0,0,0,0,0,-1,0,NULL,0,0,0,NULL,0,0,0,NULL,0,0,0,0,,0,,0,0
61,3,2,0,0,NULL,1,0,0,0,NULL,1,NULL,ddb83b8edf611898b9fde4a4fee4191e,1,1,0,6.12E+18,NULL,06/19/19 02:23 PM,0000-00-00 00:00:00,30.7333148,76.7794179,30.7333148,76.7794179,06/19/19 08:53 AM,3,3,1,0,NULL,0,NULL,06/19/19 08:53 AM,06/19/19 08:53 AM,06/19/19 08:53 AM,06/19/19 08:53 AM,2,1,0,0,0,-330,06/19/19 02:23 PM,2019-06-19,06/19/19 08:53 AM,2019-06-19,NULL,2,5,NULL,NULL,NULL,0,NULL,0,0,0,0,,,,840,8,0,744.3,0,0,840,1,NULL,NULL,NULL,0,61AA000,0,672,1,NULL,NULL,NULL,0,840,NULL,0,0,0,0,0,-1,0,NULL,0,0,0,NULL,0,0,0,NULL,0,0,0,0,,0,,0,0
64,3,1,0,0,NULL,1,0,0,0,NULL,1,NULL,b64fb5b8f133bd133d1cee5cf5501d1b,1,1,0,6.42E+18,NULL,06/19/19 04:30 PM,0000-00-00 00:00:00,30.7333148,76.7794179,30.7333148,76.7794179,06/19/19 10:21 AM,3,3,1,0,NULL,0,NULL,06/19/19 10:30 AM,06/19/19 10:30 AM,06/19/19 10:30 AM,06/19/19 10:30 AM,2,1,0,0,0,-330,06/19/19 04:30 PM,2019-06-19,06/19/19 11:00 AM,2019-06-19,NULL,2,5,NULL,NULL,NULL,0,NULL,0,0,0,0,,,,230,8,0,80,0,0,230,1,NULL,NULL,NULL,1,64AA000,0,184,1,NULL,NULL,NULL,0,230,NULL,0,0,0,0,0,-1,0,NULL,0,0,0,NULL,0,0,0,NULL,0,0,0,0,,0,,0,0
66,3,1,0,0,NULL,1,0,0,0,NULL,1,NULL,2a55b0ebfb052e8014f0c6702ffdb215,1,1,0,6.42E+18,NULL,0000-00-00 00:00:00,06/19/19 05:01 PM,30.7333148,76.7794179,30.7333148,76.7794179,06/19/19 10:21 AM,3,3,1,0,NULL,0,NULL,06/19/19 10:30 AM,06/19/19 10:30 AM,06/19/19 10:30 AM,06/19/19 10:30 AM,2,1,1,0,0,-330,06/19/19 05:01 PM,2019-06-19,06/19/19 11:31 AM,2019-06-19,NULL,2,5,NULL,NULL,NULL,0,NULL,1,0,0,0,,,,230,8,1,80,0,0,230,1,NULL,NULL,NULL,1,64AA000,0,184,1,NULL,NULL,NULL,0,230,NULL,0,0,0,0,0,-1,0,NULL,0,0,0,NULL,0,0,0,NULL,0,0,0,0,,0,,0,0
67,3,1,0,0,NULL,1,0,0,0,NULL,2,NULL,88c6868e2a5ffd0c7771add6f273d9b4,1,1,0,6.72E+18,NULL,06/19/19 03:53 PM,0000-00-00 00:00:00,30.7333148,76.7794179,30.7333148,76.7794179,06/19/19 10:23 AM,3,3,1,0,NULL,0,NULL,06/19/19 10:29 AM,06/19/19 10:29 AM,06/19/19 10:29 AM,06/19/19 10:29 AM,2,1,0,0,0,-330,06/19/19 03:53 PM,2019-06-19,06/19/19 10:23 AM,2019-06-19,NULL,2,5,NULL,NULL,NULL,0,NULL,0,0,0,0,,,,90,8,0,40,0,0,90,1,NULL,NULL,NULL,0,67AA000,0,72,1,NULL,NULL,NULL,0,90,NULL,0,0,0,0,0,-1,0,NULL,0,0,0,NULL,0,0,0,NULL,0,0,0,0,,0,,0,0
69,3,1,0,0,NULL,1,0,0,0,NULL,2,NULL,964fff7b7280995b3004707be569f1dd,1,1,0,6.92E+18,NULL,06/19/19 03:56 PM,0000-00-00 00:00:00,30.7333148,76.7794179,30.7333148,76.7794179,06/19/19 10:26 AM,3,3,1,0,NULL,0,NULL,06/19/19 10:31 AM,06/19/19 10:31 AM,06/19/19 10:31 AM,06/19/19 10:31 AM,2,1,0,0,0,-330,06/19/19 03:56 PM,2019-06-19,06/19/19 10:26 AM,2019-06-19,NULL,2,5,NULL,NULL,NULL,0,NULL,0,0,0,0,,,,70,8,0,20,0,0,70,1,NULL,NULL,NULL,0,69AA000,0,56,1,NULL,NULL,NULL,0,70,NULL,0,0,0,0,0,-1,0,NULL,0,0,0,NULL,0,0,0,NULL,0,0,0,0,,0,,0,0
70,3,1,0,0,NULL,1,0,0,0,NULL,2,NULL,165346a3b5f7fe000ceac278102f21de,1,1,0,6.92E+18,NULL,0000-00-00 00:00:00,06/19/19 04:18 PM,30.6942091,76.860565,30.6942091,76.860565,06/19/19 10:26 AM,3,3,1,0,NULL,0,NULL,06/19/19 10:31 AM,06/19/19 10:31 AM,06/19/19 10:31 AM,06/19/19 10:31 AM,2,1,1,0,0,-330,06/19/19 04:18 PM,2019-06-19,06/19/19 10:48 AM,2019-06-19,NULL,2,5,NULL,NULL,NULL,0,NULL,0,0,0,0,,,,70,8,1,20,0,0,70,1,NULL,NULL,NULL,0,69AA000,0,56,1,NULL,NULL,NULL,0,70,NULL,0,0,0,0,0,-1,0,NULL,0,0,0,NULL,0,0,0,NULL,0,0,0,0,,0,,0,0
71,3,1,0,0,NULL,1,0,0,0,NULL,2,NULL,19910e61cc0105ca92bfc42c48256c10,1,1,0,7.12E+18,NULL,06/19/19 05:20 PM,0000-00-00 00:00:00,30.7333148,76.7794179,30.7333148,76.7794179,06/19/19 11:53 AM,NULL,NULL,1,0,NULL,0,NULL,0000-00-00 00:00:00,0000-00-00 00:00:00,0000-00-00 00:00:00,0000-00-00 00:00:00,6,1,0,0,0,-330,06/19/19 05:20 PM,2019-06-19,06/19/19 11:50 AM,2019-06-19,NULL,2,NULL,NULL,NULL,NULL,0,NULL,0,0,0,0,,,,90,8,0,40,0,0,90,1,NULL,NULL,NULL,0,71AA000,0,0,0,NULL,NULL,NULL,0,90,NULL,0,0,0,0,0,-1,0,NULL,0,0,0,NULL,0,0,0,NULL,0,0,0,0,,0,,0,0
73,3,1,0,0,NULL,1,0,0,0,NULL,2,NULL,6617f22065197db54006911471a24c61,1,1,0,7.32E+18,NULL,06/19/19 05:28 PM,0000-00-00 00:00:00,30.6942091,76.860565,30.6942091,76.860565,06/19/19 11:59 AM,NULL,NULL,1,0,NULL,0,NULL,0000-00-00 00:00:00,0000-00-00 00:00:00,0000-00-00 00:00:00,0000-00-00 00:00:00,6,1,0,0,0,-330,06/19/19 05:28 PM,2019-06-19,06/19/19 11:58 AM,2019-06-19,NULL,2,NULL,NULL,NULL,NULL,0,NULL,0,0,0,0,,,,1490,8,0,1440.4,0,0,1490,1,NULL,NULL,NULL,0,73AA001,0,0,0,NULL,NULL,NULL,0,1490,NULL,0,0,0,0,0,-1,0,NULL,0,0,0,NULL,0,0,0,NULL,0,0,0,0,,0,,0,0
75,3,1,0,0,NULL,1,0,0,0,NULL,2,NULL,44bfe4c90736e07d35430b947b6f75b6,1,1,0,7.52E+18,NULL,06/19/19 05:31 PM,0000-00-00 00:00:00,30.7333148,76.7794179,30.7333148,76.7794179,06/19/19 12:01 PM,NULL,NULL,1,0,NULL,0,NULL,0000-00-00 00:00:00,0000-00-00 00:00:00,0000-00-00 00:00:00,0000-00-00 00:00:00,6,1,0,0,0,-330,06/19/19 05:31 PM,2019-06-19,06/19/19 12:01 PM,2019-06-19,NULL,2,NULL,NULL,NULL,NULL,0,NULL,0,0,0,0,,,,4230,8,0,4175.1,0,0,4230,1,NULL,NULL,NULL,0,75AA002,0,0,0,NULL,NULL,NULL,0,4230,NULL,0,0,0,0,0,-1,0,NULL,0,0,0,NULL,0,0,0,NULL,0,0,0,0,,0,,0,0
76,3,1,0,0,NULL,1,0,0,0,NULL,2,NULL,fa7a458aaab6533d3b8c77131561031f,1,1,0,7.52E+18,NULL,0000-00-00 00:00:00,06/19/19 07:03 PM,30.3397809,76.3868797,30.3397809,76.3868797,06/19/19 12:01 PM,NULL,NULL,1,0,NULL,0,NULL,0000-00-00 00:00:00,0000-00-00 00:00:00,0000-00-00 00:00:00,0000-00-00 00:00:00,6,1,1,0,0,-330,06/19/19 07:03 PM,2019-06-19,06/19/19 01:33 PM,2019-06-19,NULL,2,NULL,NULL,NULL,NULL,0,NULL,0,0,0,0,,,,4230,8,0,4175.1,0,0,4230,1,NULL,NULL,NULL,0,75AA002,0,0,0,NULL,NULL,NULL,0,4230,NULL,0,0,0,0,0,-1,0,NULL,0,0,0,NULL,0,0,0,NULL,0,0,0,0,,0,,0,0
77,3,1,0,0,NULL,1,0,0,0,NULL,2,NULL,446a649eb1696b1d74d427e2470a0176,1,1,0,7.72E+18,NULL,06/19/19 05:33 PM,0000-00-00 00:00:00,30.7333148,76.7794179,30.7333148,76.7794179,06/19/19 12:03 PM,NULL,NULL,1,0,NULL,0,NULL,0000-00-00 00:00:00,0000-00-00 00:00:00,0000-00-00 00:00:00,0000-00-00 00:00:00,6,1,0,0,0,-330,06/19/19 05:33 PM,2019-06-19,06/19/19 12:03 PM,2019-06-19,NULL,2,NULL,NULL,NULL,NULL,0,NULL,0,0,0,0,,,,90,8,0,40,0,0,90,1,NULL,NULL,NULL,0,77AA003,0,0,0,NULL,NULL,NULL,0,90,NULL,0,0,0,0,0,-1,0,NULL,0,0,0,NULL,0,0,0,NULL,0,0,0,0,,0,,0,0
79,3,1,0,0,NULL,1,0,0,0,NULL,1,NULL,e3f5aadb7a9291e59608468dcbb618a1,1,1,0,7.92E+18,NULL,06/19/19 07:22 PM,0000-00-00 00:00:00,30.7333148,76.7794179,30.7333148,76.7794179,06/19/19 01:52 PM,3,3,1,0,NULL,0,NULL,06/19/19 02:15 PM,06/19/19 01:52 PM,06/19/19 02:15 PM,06/19/19 01:52 PM,2,1,0,0,0,-330,06/19/19 07:22 PM,2019-06-19,06/19/19 01:52 PM,2019-06-19,NULL,2,5,NULL,NULL,NULL,0,NULL,0,0,0,0,,,,90,8,0,40,0,0,90,1,NULL,NULL,NULL,0,79AA004,0,72,1,NULL,NULL,NULL,0,90,NULL,0,0,0,0,0,-1,0,NULL,0,0,0,NULL,0,0,0,NULL,0,0,0,0,,0,,0,0
81,4,11,0,0,NULL,1,0,0,0,NULL,1,NULL,c780d0ea2cbae093c78e406db1c23320,1,1,0,8.12E+18,,06/19/19 11:50 PM,0000-00-00 00:00:00,30.6942091,76.860565,30.6942091,76.860565,06/19/19 06:14 PM,3,3,1,0,NULL,0,NULL,06/20/19 03:59 AM,06/19/19 06:15 PM,06/20/19 03:59 AM,06/19/19 06:15 PM,2,1,0,0,0,-330,06/19/19 11:50 PM,2019-06-19,06/19/19 06:20 PM,2019-06-19,NULL,1,5,NULL,NULL,NULL,0,NULL,0,0,0,0,,,,1090,8,0,944.4,0,0,1090,1,NULL,NULL,NULL,0,81AA005,0,872,1,NULL,NULL,NULL,0,1090,NULL,0,0,0,0,0,-1,0,NULL,0,0,0,NULL,0,0,0,NULL,0,0,0,0,,0,,0,0
82,4,11,0,0,NULL,1,0,0,0,NULL,1,NULL,9779344195aa127dd138ab44b9a9e6c4,1,1,0,8.12E+18,,0000-00-00 00:00:00,06/20/19 12:10 AM,30.7333148,76.7794179,30.7333148,76.7794179,06/19/19 06:14 PM,3,3,1,0,NULL,0,NULL,06/20/19 03:59 AM,06/20/19 03:59 AM,06/20/19 03:59 AM,06/19/19 06:15 PM,2,1,1,0,0,-330,06/20/19 12:10 AM,2019-06-20,06/19/19 06:40 PM,2019-06-19,NULL,1,5,NULL,NULL,NULL,0,NULL,0,0,0,0,,,,1090,8,1,944.4,0,0,1090,1,NULL,NULL,NULL,0,81AA005,0,872,1,NULL,NULL,NULL,0,1090,NULL,0,0,0,0,0,-1,0,NULL,0,0,0,NULL,0,0,0,NULL,0,0,0,0,,0,,0,0
83,4,11,0,0,NULL,1,0,0,0,NULL,2,NULL,6e5d97c58480d4c8fa9eef884773a306,1,1,0,8.32E+18,,06/20/19 09:34 AM,0000-00-00 00:00:00,30.7052881,76.844708,30.7052881,76.844708,06/20/19 03:59 AM,3,3,1,0,NULL,0,NULL,06/20/19 04:10 AM,06/20/19 04:04 AM,06/20/19 04:10 AM,06/20/19 04:04 AM,2,1,0,0,0,-330,06/20/19 09:34 AM,2019-06-20,06/20/19 04:04 AM,2019-06-20,NULL,1,NULL,NULL,NULL,NULL,0,NULL,0,0,0,0,,,,640,8,0,536.5,0,0,640,1,NULL,NULL,NULL,0,83AA006,0,512,1,NULL,NULL,NULL,0,640,NULL,0,0,0,0,0,-1,0,NULL,0,0,0,NULL,0,0,0,NULL,0,0,0,0,,0,,0,0
84,4,11,0,0,NULL,1,0,0,0,NULL,2,NULL,a1bb6855f3049371a31472aa68e7a489,1,1,0,8.32E+18,,0000-00-00 00:00:00,06/20/19 09:43 AM,30.6942667,76.881458,30.6942667,76.881458,06/20/19 03:59 AM,3,3,1,0,NULL,0,NULL,06/20/19 04:21 AM,06/20/19 04:11 AM,06/20/19 04:21 AM,06/20/19 04:04 AM,2,1,1,0,0,-330,06/20/19 09:43 AM,2019-06-20,06/20/19 04:13 AM,2019-06-20,NULL,1,NULL,NULL,NULL,NULL,0,NULL,0,0,0,0,,,,640,8,1,536.5,0,0,640,1,NULL,NULL,NULL,0,83AA006,0,512,1,NULL,NULL,NULL,0,640,NULL,0,0,0,0,0,-1,0,NULL,0,0,0,NULL,0,0,0,NULL,0,0,0,0,,0,,0,0
85,4,11,0,0,NULL,1,0,0,0,NULL,2,NULL,d9f70b49bfa6929ed15255e198b212d5,1,1,0,8.52E+18,,06/20/19 09:35 AM,0000-00-00 00:00:00,30.7052881,76.844708,30.7052881,76.844708,06/20/19 04:00 AM,5,NULL,1,0,NULL,0,NULL,0000-00-00 00:00:00,0000-00-00 00:00:00,0000-00-00 00:00:00,07/13/19 02:59 PM,8,1,0,0,0,-330,06/20/19 09:35 AM,2019-06-20,06/20/19 04:05 AM,2019-06-20,NULL,1,NULL,NULL,NULL,NULL,0,NULL,0,0,0,0,,,,640,8,0,536.5,0,0,640,1,NULL,NULL,NULL,0,85AA007,0,0,0,NULL,NULL,NULL,0,640,NULL,0,0,0,0,0,-1,0,NULL,0,0,0,NULL,0,0,0,NULL,0,0,0,0,,0,,0,0
86,4,11,0,0,NULL,1,0,0,0,NULL,2,NULL,88543301f33ad7d3aa3fc99cd3ff339b,1,1,0,8.52E+18,,0000-00-00 00:00:00,06/20/19 09:44 AM,30.6942667,76.881458,30.6942667,76.881458,06/20/19 04:00 AM,5,NULL,1,0,NULL,0,NULL,0000-00-00 00:00:00,0000-00-00 00:00:00,0000-00-00 00:00:00,07/13/19 02:59 PM,8,1,1,0,0,-330,06/20/19 09:44 AM,2019-06-20,06/20/19 04:14 AM,2019-06-20,NULL,1,NULL,NULL,NULL,NULL,0,NULL,0,0,0,0,,,,640,8,0,536.5,0,0,640,1,NULL,NULL,NULL,0,85AA007,0,0,0,NULL,NULL,NULL,0,640,NULL,0,0,0,0,0,-1,0,NULL,0,0,0,NULL,0,0,0,NULL,0,0,0,0,,0,,0,0
87,4,11,0,0,NULL,1,0,0,0,NULL,1,NULL,d00f6fdc298bd95abbf12b4a44017d9e,1,1,0,8.72E+18,,06/20/19 11:40 AM,0000-00-00 00:00:00,30.6922916,76.8901113,30.6922916,76.8901113,06/20/19 06:06 AM,3,3,1,0,NULL,0,NULL,06/20/19 06:25 AM,06/20/19 06:15 AM,06/20/19 06:25 AM,06/20/19 06:07 AM,2,1,0,0,2,-330,06/20/19 11:40 AM,2019-06-20,06/20/19 06:10 AM,2019-06-20,1195,1,4,NULL,NULL,NULL,0,NULL,0,0,0,0,,,,800,8,0,696.9,0,0,800,1,NULL,NULL,NULL,0,87AA008,0,640,1,NULL,NULL,NULL,0,800,NULL,0,0,0,0,0,-1,0,NULL,0,0,0,NULL,0,0,0,NULL,0,0,0,0,,0,,0,0
88,4,11,0,0,NULL,1,0,0,0,NULL,1,NULL,32393f54999bf089071a08587ff09cc5,1,1,0,8.72E+18,,0000-00-00 00:00:00,06/20/19 11:55 AM,30.7052881,76.844708,30.7052881,76.844708,06/20/19 06:06 AM,3,3,1,0,NULL,0,NULL,06/20/19 06:31 AM,06/20/19 06:25 AM,06/20/19 06:31 AM,06/20/19 06:07 AM,2,1,1,0,0,-330,06/20/19 11:55 AM,2019-06-20,06/20/19 06:25 AM,2019-06-20,2339,1,4,NULL,NULL,NULL,0,NULL,0,0,0,0,,,,800,8,1,696.9,0,0,800,1,NULL,NULL,NULL,0,87AA008,0,640,1,NULL,NULL,NULL,0,800,NULL,0,0,0,0,0,-1,0,NULL,0,0,0,NULL,0,0,0,NULL,0,0,0,0,,0,,0,0
89,4,14,0,0,NULL,2,0,0,0,NULL,1,NULL,177c575dd25dc984ba01e0ed2270c422,1,1,0,8.92E+18,,06/20/19 12:49 PM,0000-00-00 00:00:00,6.4934402,3.3815502,6.4934402,3.3815502,06/20/19 11:44 AM,6,6,1,0,NULL,0,NULL,06/20/19 11:55 AM,06/20/19 11:50 AM,06/20/19 11:55 AM,06/20/19 11:46 AM,2,1,0,0,2,-60,06/20/19 12:49 PM,2019-06-20,06/20/19 11:49 AM,2019-06-20,0,1,5,NULL,NULL,NULL,0,NULL,0,0,0,0,,,,1190,262144,0,1138.9,0,0,1190,1,NULL,NULL,NULL,0,89AA009,0,952,1,NULL,NULL,NULL,0,1190,NULL,0,0,0,0,0,-1,0,NULL,0,0,0,NULL,0,0,0,NULL,0,0,0,0,,0,,0,0
90,4,14,0,0,NULL,2,0,0,0,NULL,1,NULL,5f08e0cb3fef519da2f02a1d286d37eb,1,1,0,8.92E+18,,0000-00-00 00:00:00,06/20/19 01:13 PM,6.4395233,3.4340605,6.4395233,3.4340605,06/20/19 11:44 AM,6,6,1,0,NULL,0,NULL,06/20/19 12:00 PM,06/20/19 11:57 AM,06/20/19 12:00 PM,06/20/19 11:46 AM,2,1,1,0,0,-60,06/20/19 01:13 PM,2019-06-20,06/20/19 12:13 PM,2019-06-20,0,1,5,NULL,NULL,NULL,0,NULL,0,0,0,0,,,,1190,262144,1,1138.9,0,0,1190,1,NULL,NULL,NULL,0,89AA009,0,952,1,NULL,NULL,NULL,0,1190,NULL,0,0,0,0,0,-1,0,NULL,0,0,0,NULL,0,0,0,NULL,0,0,0,0,,0,,0,0
91,4,14,0,0,NULL,2,0,0,0,NULL,1,NULL,81688034431698a2dbb6f5b059f1bfd4,1,1,0,9.12E+18,,06/20/19 02:29 PM,0000-00-00 00:00:00,6.4934402,3.3815502,6.4934402,3.3815502,06/20/19 01:23 PM,6,6,1,0,NULL,0,NULL,06/20/19 01:25 PM,06/20/19 01:25 PM,06/20/19 01:25 PM,06/20/19 01:25 PM,2,1,0,0,0,-60,06/20/19 02:29 PM,2019-06-20,06/20/19 01:29 PM,2019-06-20,NULL,1,5,NULL,NULL,NULL,0,NULL,0,0,0,0,,,,1190,262144,0,1138.9,0,0,1190,1,NULL,NULL,NULL,0,91AA010,0,238,1,NULL,NULL,NULL,0,1190,NULL,0,0,0,0,0,-1,0,NULL,0,0,0,NULL,0,0,0,NULL,0,0,0,0,,0,,0,0
92,4,14,0,0,NULL,2,0,0,0,NULL,1,NULL,1a53cd1084c386da9c6d57dbe1635f22,1,1,0,9.12E+18,,0000-00-00 00:00:00,06/20/19 02:53 PM,6.4395233,3.4340605,6.4395233,3.4340605,06/20/19 01:23 PM,6,6,1,0,NULL,0,NULL,06/20/19 01:25 PM,06/20/19 01:25 PM,06/20/19 01:25 PM,06/20/19 01:25 PM,2,1,1,0,0,-60,06/20/19 02:53 PM,2019-06-20,06/20/19 01:53 PM,2019-06-20,0,1,5,NULL,NULL,NULL,0,NULL,0,0,0,0,,,,1190,262144,1,1138.9,0,0,1190,1,NULL,NULL,NULL,0,91AA010,0,238,1,NULL,NULL,NULL,0,1190,NULL,0,0,0,0,0,-1,0,NULL,0,0,0,NULL,0,0,0,NULL,0,0,0,0,,0,,0,0
94,4,8,0,0,NULL,1,0,0,0,NULL,2,NULL,d13458a23bf3bace182470b5ee47d2f2,1,1,0,9.32E+18,,0000-00-00 00:00:00,06/21/19 12:46 PM,30.7333148,76.7794179,30.7333148,76.7794179,06/21/19 06:53 AM,8,8,1,0,NULL,0,NULL,06/21/19 06:53 AM,06/21/19 06:53 AM,06/21/19 06:53 AM,06/21/19 06:53 AM,2,1,1,0,0,-330,06/21/19 12:46 PM,2019-06-21,06/21/19 07:16 AM,2019-06-21,0,1,5,NULL,NULL,NULL,0,NULL,0,0,0,0,,,,980,8,1,834.9,0,0,980,1,NULL,NULL,NULL,0,93AA011,0,196,1,NULL,NULL,NULL,0,980,NULL,0,0,0,0,0,-1,0,NULL,0,0,0,NULL,0,0,0,NULL,0,0,0,0,,0,,0,0
95,1,1,0,0,NULL,1,0,0,0,,0,4,55832fb6bf4d377d601bf68d3d063a5d,1,1,0,9.52E+18,A red blue bad,06/21/19 07:33 AM,0000-00-00 00:00:00,6.4934402,3.38155019999999,6.4934402,3.38155019999999,06/21/19 02:33 PM,13,13,1,4,Bny,1,NULL,06/21/19 02:36 PM,06/21/19 02:35 PM,06/21/19 02:36 PM,06/21/19 02:34 PM,2,1,0,0,4,420,06/21/19 07:33 AM,2019-06-21,06/21/19 02:33 PM,2019-06-21,0,NULL,NULL,NULL,NULL,NULL,0,NULL,0,0,0,0,,,,0,8,0,0,0,0,0,1,NULL,NULL,NULL,0,95AA012,0,0,1,NULL,NULL,NULL,0,0,NULL,0,0,0,0,0,-1,0,NULL,0,0,0,NULL,0,0,0,NULL,0,0,0,0,,0,,0,0
96,1,NULL,0,0,NULL,1,0,0,0,,0,4,e5ed7ba097cb3381c3c9473fd61f0c7a,1,1,0,9.52E+18,NULL,0000-00-00 00:00:00,06/21/19 07:33 AM,6.6910585,3.25620240000001,6.6910585,3.25620240000001,06/21/19 02:33 PM,13,13,1,0,NULL,0,NULL,06/21/19 02:38 PM,06/21/19 02:38 PM,06/21/19 02:38 PM,06/21/19 02:34 PM,2,1,1,0,0,420,06/21/19 07:33 AM,2019-06-21,06/21/19 02:33 PM,2019-06-21,0,NULL,5,NULL,NULL,NULL,0,NULL,0,0,0,0,,,,0,8,1,0,0,0,0,1,NULL,NULL,NULL,0,95AA012,0,0,1,NULL,NULL,NULL,0,0,NULL,0,0,0,0,0,-1,0,NULL,0,0,0,NULL,0,0,0,NULL,0,0,0,0,,0,,0,0
97,4,13,0,0,NULL,0,0,0,0,NULL,1,NULL,bb24ace8bbcd7dfcc98f5f0ef316e9ea,1,1,0,9.72E+18,,06/21/19 09:31 PM,0000-00-00 00:00:00,6.4934402,3.3815502,6.4934402,3.3815502,06/21/19 08:26 PM,NULL,NULL,1,0,NULL,0,NULL,0000-00-00 00:00:00,0000-00-00 00:00:00,0000-00-00 00:00:00,0000-00-00 00:00:00,10,1,0,0,0,-60,06/21/19 09:31 PM,2019-06-21,06/21/19 08:31 PM,2019-06-21,NULL,1,NULL,NULL,NULL,NULL,0,NULL,0,0,0,0,,,,1190,262144,0,1138.9,0,0,1190,1,NULL,NULL,NULL,0,97AA013,0,0,0,NULL,NULL,NULL,0,1190,NULL,0,0,0,0,0,-1,0,NULL,0,0,0,NULL,0,0,0,NULL,0,0,0,0,,0,,0,0
98,4,13,0,0,NULL,0,0,0,0,NULL,1,NULL,bbaaa20f612bc0e9fa4f1616fc16ccd2,1,1,0,9.72E+18,,0000-00-00 00:00:00,06/21/19 09:55 PM,6.4395233,3.4340605,6.4395233,3.4340605,06/21/19 08:26 PM,NULL,NULL,1,0,NULL,0,NULL,0000-00-00 00:00:00,0000-00-00 00:00:00,0000-00-00 00:00:00,0000-00-00 00:00:00,10,1,1,0,0,-60,06/21/19 09:55 PM,2019-06-21,06/21/19 08:55 PM,2019-06-21,NULL,1,NULL,NULL,NULL,NULL,0,NULL,0,0,0,0,,,,1190,262144,0,1138.9,0,0,1190,1,NULL,NULL,NULL,0,97AA013,0,0,0,NULL,NULL,NULL,0,1190,NULL,0,0,0,0,0,-1,0,NULL,0,0,0,NULL,0,0,0,NULL,0,0,0,0,,0,,0,0
99,1,NULL,0,0,NULL,1,0,0,0,,2,4,c1cd1c811cb9823fae18f96f90b46a32,1,1,0,9.92E+18,NULL,06/22/19 05:03 AM,0000-00-00 00:00:00,6.5049778,3.38621480000006,6.5049778,3.38621480000006,06/22/19 12:03 PM,9,9,1,0,NULL,0,NULL,06/22/19 12:06 PM,06/22/19 12:05 PM,06/22/19 12:06 PM,06/22/19 12:03 PM,2,1,0,0,1,420,06/22/19 05:03 AM,2019-06-22,06/22/19 12:03 PM,2019-06-22,0,NULL,5,NULL,NULL,NULL,0,NULL,0,0,0,0,,,,0,8,0,0,0,0,0,1,NULL,NULL,NULL,0,99AA014,0,0,1,NULL,NULL,NULL,0,0,NULL,0,0,0,0,0,-1,0,NULL,0,0,0,NULL,0,0,0,NULL,0,0,0,0,,0,,0,0
100,1,NULL,0,0,NULL,1,0,0,0,,2,4,dbd6465fac54a61fef814a235dba54ce,1,1,0,9.92E+18,Jewellery,0000-00-00 00:00:00,06/22/19 05:03 AM,6.593889,3.33971980000001,6.593889,3.33971980000001,06/22/19 12:03 PM,9,9,1,5,,1,NULL,06/22/19 12:31 PM,06/22/19 12:06 PM,06/22/19 12:31 PM,06/22/19 12:03 PM,2,1,1,0,2,420,06/22/19 05:03 AM,2019-06-22,06/22/19 12:03 PM,2019-06-22,4562,NULL,5,NULL,NULL,NULL,0,NULL,0,0,0,0,,,,0,8,1,0,0,0,0,1,NULL,NULL,NULL,0,99AA014,0,0,1,NULL,NULL,NULL,0,0,NULL,0,0,0,0,0,-1,0,NULL,0,0,0,NULL,0,0,0,NULL,0,0,0,0,,0,,0,0
101,3,18,0,0,NULL,1,0,0,0,NULL,2,NULL,25aab650c692d9029e47d7915956798a,1,1,0,1.01E+19,NULL,06/22/19 01:28 PM,0000-00-00 00:00:00,6.5060404,3.37793820000002,6.5060404,3.37793820000002,06/22/19 12:29 PM,13,13,1,4,,1,NULL,06/22/19 12:30 PM,06/22/19 12:30 PM,06/22/19 12:30 PM,06/22/19 12:29 PM,2,1,0,0,2,-60,06/22/19 01:28 PM,2019-06-22,06/22/19 12:28 PM,2019-06-22,0,2,4,NULL,NULL,NULL,0,NULL,0,0,0,0,,,,2400,262144,0,2345.4,0,0,2400,1,NULL,NULL,NULL,0,101AA015,0,480,1,NULL,NULL,NULL,0,2400,NULL,0,0,0,0,0,-1,0,NULL,0,0,0,NULL,0,0,0,NULL,0,0,0,0,,0,,0,0
102,3,18,0,0,NULL,1,0,0,0,NULL,2,NULL,2cc0903e2696d76782da46d7de71b60c,1,1,0,1.01E+19,NULL,0000-00-00 00:00:00,06/22/19 02:30 PM,6.69154,3.25853000000006,6.69154,3.25853000000006,06/22/19 12:29 PM,13,13,1,0,NULL,0,NULL,06/22/19 12:30 PM,06/22/19 12:30 PM,06/22/19 12:30 PM,06/22/19 12:29 PM,2,1,1,0,0,-60,06/22/19 02:30 PM,2019-06-22,06/22/19 01:30 PM,2019-06-22,0,2,5,NULL,NULL,NULL,0,NULL,0,0,0,0,,,,2400,262144,1,2345.4,0,0,2400,1,NULL,NULL,NULL,0,101AA015,0,480,1,NULL,NULL,NULL,0,2400,NULL,0,0,0,0,0,-1,0,NULL,0,0,0,NULL,0,0,0,NULL,0,0,0,0,,0,,0,0
103,1,NULL,0,0,NULL,1,0,0,0,,2,4,a1fc49617fed64416745bf1445ab8a73,1,1,0,1.03E+19,NULL,06/22/19 05:43 AM,0000-00-00 00:00:00,6.5037394,3.38694080000005,6.5037394,3.38694080000005,06/22/19 12:43 PM,9,9,1,0,NULL,0,NULL,06/22/19 12:44 PM,06/22/19 12:44 PM,06/22/19 12:44 PM,06/22/19 12:44 PM,2,1,0,0,1,420,06/22/19 05:43 AM,2019-06-22,06/22/19 12:43 PM,2019-06-22,0,NULL,5,NULL,NULL,NULL,0,NULL,0,0,0,0,,,,0,8,0,0,0,0,0,1,NULL,NULL,NULL,0,103AA016,0,0,1,NULL,NULL,NULL,0,0,NULL,0,0,0,0,0,-1,0,NULL,0,0,0,NULL,0,0,0,NULL,0,0,0,0,,0,,0,0
104,1,NULL,0,0,NULL,1,0,0,0,,2,4,f758417bd62c2b77cdc64f52cfd5c85c,1,1,0,1.03E+19,NULL,0000-00-00 00:00:00,06/22/19 05:43 AM,6.5049778,3.38621480000006,6.5049778,3.38621480000006,06/22/19 12:43 PM,9,9,1,0,NULL,0,NULL,06/22/19 01:28 PM,06/22/19 12:45 PM,06/22/19 01:28 PM,06/22/19 12:44 PM,2,1,1,0,0,420,06/22/19 05:43 AM,2019-06-22,06/22/19 12:43 PM,2019-06-22,4530,NULL,5,NULL,NULL,NULL,0,NULL,0,0,0,0,,,,0,8,1,0,0,0,0,1,NULL,NULL,NULL,0,103AA016,0,0,1,NULL,NULL,NULL,0,0,NULL,0,0,0,0,0,-1,0,NULL,0,0,0,NULL,0,0,0,NULL,0,0,0,0,,0,,0,0
105,4,19,0,0,NULL,1,0,0,0,NULL,2,NULL,899a3b86c46579c6318829e89387c290,1,1,0,1.05E+19,,06/24/19 04:02 PM,0000-00-00 00:00:00,30.7333148,76.7794179,30.7333148,76.7794179,06/24/19 10:26 AM,9,9,1,0,NULL,0,NULL,0000-00-00 00:00:00,0000-00-00 00:00:00,0000-00-00 00:00:00,06/27/19 09:45 AM,7,1,0,0,0,-330,06/24/19 04:02 PM,2019-06-24,06/24/19 10:32 AM,2019-06-24,NULL,1,NULL,NULL,NULL,NULL,0,NULL,0,0,0,0,,,,90,8,0,40,0,0,90,1,NULL,NULL,NULL,0,105AA017,0,0,0,NULL,NULL,NULL,0,90,NULL,0,0,0,0,0,-1,0,NULL,0,0,0,NULL,0,0,0,NULL,0,0,0,0,,0,,0,0
107,0,NULL,0,0,NULL,1,0,0,0,,2,NULL,789d00fd08ccc29e8f40534f69e59ca6,1,1,0,1.07E+19,NULL,06/24/19 04:32 PM,0000-00-00 00:00:00,30.7188978,76.8102981,30.7188978,76.8102981,06/24/19 11:02 AM,8,8,1,0,NULL,0,NULL,06/24/19 11:03 AM,06/24/19 11:03 AM,06/24/19 11:03 AM,06/24/19 11:03 AM,2,1,0,0,0,-330,06/24/19 04:32 PM,2019-06-24,06/24/19 11:02 AM,2019-06-24,0,NULL,NULL,NULL,NULL,NULL,0,NULL,0,0,0,0,,,,0,8,0,0,0,0,0,1,NULL,NULL,NULL,0,107AA018,0,0,1,NULL,NULL,NULL,0,0,NULL,0,0,0,0,0,-1,0,NULL,0,0,0,NULL,0,0,0,NULL,0,0,0,0,,0,,0,0
108,0,NULL,0,0,NULL,1,0,0,0,,2,NULL,d03a39b13ebb327d2044d5ca337ba668,1,1,0,1.07E+19,NULL,0000-00-00 00:00:00,06/24/19 04:32 PM,30.7008554,76.6788091,30.7008554,76.6788091,06/24/19 11:02 AM,8,8,1,0,NULL,0,NULL,06/24/19 11:03 AM,06/24/19 11:03 AM,06/24/19 11:03 AM,06/24/19 11:03 AM,2,1,1,0,0,-330,06/24/19 04:32 PM,2019-06-24,06/24/19 11:02 AM,2019-06-24,0,NULL,NULL,NULL,NULL,NULL,0,NULL,0,0,0,0,,,,0,8,1,0,0,0,0,1,NULL,NULL,NULL,0,107AA018,0,0,1,NULL,NULL,NULL,0,0,NULL,0,0,0,0,0,-1,0,NULL,0,0,0,NULL,0,0,0,NULL,0,0,0,0,,0,,0,0
109,4,13,0,0,NULL,0,0,0,0,NULL,2,NULL,4c0d5f3a231d1743f52609e06147fc8c,1,1,0,1.09E+19,,06/26/19 11:53 AM,0000-00-00 00:00:00,6.4934402,6.4934402,6.4934402,6.4934402,06/26/19 10:47 AM,6,NULL,1,0,NULL,0,NULL,06/26/19 11:09 AM,06/26/19 11:09 AM,06/26/19 11:09 AM,06/26/19 11:09 AM,9,1,0,0,0,-60,06/26/19 11:53 AM,2019-06-26,06/26/19 10:53 AM,2019-06-26,NULL,1,NULL,NULL,NULL,NULL,0,NULL,0,0,0,0,,,,21520,8,0,21469.8,0,0,21520,1,NULL,NULL,NULL,0,109AA019,0,0,0,NULL,NULL,NULL,0,21520,NULL,0,0,0,0,0,-1,0,NULL,0,0,0,NULL,0,0,0,NULL,0,0,0,0,,0,,0,0
110,4,13,0,0,NULL,0,0,0,0,NULL,2,NULL,e01ce7ea42ea542200e6189e9ef548f5,1,1,0,1.09E+19,,0000-00-00 00:00:00,06/26/19 06:12 PM,6.4389357,3.4348907,6.4389357,3.4348907,06/26/19 10:47 AM,6,NULL,1,0,NULL,0,NULL,06/26/19 11:09 AM,06/26/19 11:09 AM,06/26/19 11:09 AM,06/26/19 11:09 AM,9,1,1,0,0,-60,06/26/19 06:12 PM,2019-06-26,06/26/19 05:12 PM,2019-06-26,NULL,1,NULL,NULL,NULL,NULL,0,NULL,0,0,0,0,,,,21520,8,0,21469.8,0,0,21520,1,NULL,NULL,NULL,0,109AA019,0,0,0,NULL,NULL,NULL,0,21520,NULL,0,0,0,0,0,-1,0,NULL,0,0,0,NULL,0,0,0,NULL,0,0,0,0,,0,,0,0
111,1,NULL,0,0,NULL,1,0,0,0,,0,4,70c47d79e233428e3a29aaf35a77fd6e,1,1,0,1.11E+19,NULL,06/26/19 06:31 PM,0000-00-00 00:00:00,6.4927528,3.3820246,6.4927528,3.3820246,06/26/19 05:31 PM,34,34,1,0,NULL,0,NULL,06/26/19 05:33 PM,06/26/19 05:33 PM,06/26/19 05:33 PM,06/26/19 05:33 PM,2,1,0,0,1,-60,06/26/19 06:31 PM,2019-06-26,06/26/19 05:31 PM,2019-06-26,0,NULL,5,NULL,NULL,NULL,0,NULL,0,0,0,0,,,,0,8,0,0,0,0,0,1,NULL,NULL,NULL,0,111AA020,0,0,1,NULL,NULL,NULL,0,0,NULL,0,0,0,0,0,-1,0,NULL,0,0,0,NULL,0,0,0,NULL,0,0,0,0,,0,,0,0
112,1,NULL,0,0,NULL,1,0,0,0,,0,4,a603aeb456a1df7c777e1ee5c5ef9eb9,1,1,0,1.11E+19,Testtt,0000-00-00 00:00:00,06/26/19 06:31 PM,6.5049778,3.38621480000006,6.5049778,3.38621480000006,06/26/19 05:31 PM,34,34,1,0,NULL,0,NULL,06/26/19 05:34 PM,06/26/19 05:33 PM,06/26/19 05:34 PM,06/26/19 05:33 PM,2,1,1,0,0,-60,06/26/19 06:31 PM,2019-06-26,06/26/19 05:31 PM,2019-06-26,0,NULL,5,NULL,NULL,NULL,0,NULL,0,0,0,0,,,,0,8,1,0,0,0,0,1,NULL,NULL,NULL,0,111AA020,0,0,1,NULL,NULL,NULL,0,0,NULL,0,0,0,0,0,-1,0,NULL,0,0,0,NULL,0,0,0,NULL,0,0,0,0,,0,,0,0
113,1,NULL,0,0,NULL,1,0,0,0,,0,4,47d14b08e94fb798a4436b52544af886,1,1,0,1.13E+19,NULL,06/26/19 06:35 PM,0000-00-00 00:00:00,6.4927528,3.3820246,6.4927528,3.3820246,06/26/19 05:35 PM,34,34,1,0,NULL,0,NULL,06/26/19 05:35 PM,06/26/19 05:35 PM,06/26/19 05:35 PM,06/26/19 05:35 PM,2,1,0,0,4,-60,06/26/19 06:35 PM,2019-06-26,06/26/19 05:35 PM,2019-06-26,0,NULL,5,NULL,NULL,NULL,0,NULL,0,0,0,0,,,,0,8,0,0,0,0,0,1,"188 Herbert Macaulay Way, Adekunle 100001, Lagos, Nigeria",6.4935327,3.3815257,0,113AA021,0,0,1,NULL,NULL,NULL,0,0,NULL,0,0,0,0,0,-1,0,NULL,0,0,0,NULL,0,0,0,NULL,0,0,0,0,,0,,0,0
114,1,NULL,0,0,NULL,1,0,0,0,,0,4,d4bba3e778d3e3c43a9f4fd16a0aa04e,1,1,0,1.13E+19,NULL,0000-00-00 00:00:00,06/26/19 06:35 PM,6.5049778,3.38621480000006,6.5049778,3.38621480000006,06/26/19 05:35 PM,34,34,1,0,NULL,0,NULL,0000-00-00 00:00:00,06/26/19 05:35 PM,0000-00-00 00:00:00,06/26/19 05:35 PM,14,1,1,0,0,-60,06/26/19 06:35 PM,2019-06-26,06/26/19 05:35 PM,2019-06-26,0,NULL,NULL,NULL,NULL,NULL,0,NULL,0,0,0,0,,,,0,8,0,0,0,0,0,1,"188 Herbert Macaulay Way, Adekunle 100001, Lagos, Nigeria",6.4935327,3.3815257,0,113AA021,0,0,1,NULL,NULL,NULL,0,0,NULL,0,0,0,0,0,-1,0,NULL,0,0,0,NULL,0,0,0,NULL,0,0,0,0,,0,,0,0
115,1,NULL,0,0,NULL,1,0,0,0,,0,4,2a5671b424302c553f8edb56b4036ffe,1,1,0,1.15E+19,NULL,06/27/19 10:46 AM,0000-00-00 00:00:00,6.4927528,3.3820246,6.4927528,3.3820246,06/27/19 09:46 AM,9,9,1,0,NULL,0,NULL,06/27/19 09:49 AM,06/27/19 09:47 AM,06/27/19 09:49 AM,06/27/19 09:46 AM,2,1,0,0,1,-60,06/27/19 10:46 AM,2019-06-27,06/27/19 09:46 AM,2019-06-27,0,NULL,5,NULL,NULL,NULL,0,NULL,0,0,0,0,,,,0,8,0,0,0,0,0,1,NULL,NULL,NULL,0,115AA022,0,0,1,NULL,NULL,NULL,0,0,NULL,0,0,0,0,0,-1,0,NULL,0,0,0,NULL,0,0,0,NULL,0,0,0,0,,0,,0,0
116,1,NULL,0,0,NULL,1,0,0,0,,0,4,facbb751d64bbf0dc068e14004c90043,1,1,0,1.15E+19,NULL,0000-00-00 00:00:00,06/27/19 10:46 AM,6.5049778,3.38621480000006,6.5049778,3.38621480000006,06/27/19 09:46 AM,9,9,1,0,NULL,0,NULL,06/27/19 09:55 AM,06/27/19 09:54 AM,06/27/19 09:55 AM,06/27/19 09:46 AM,2,1,1,0,0,-60,06/27/19 10:46 AM,2019-06-27,06/27/19 09:46 AM,2019-06-27,0,NULL,3,NULL,NULL,NULL,0,NULL,0,0,0,0,,,,0,8,1,0,0,0,0,1,NULL,NULL,NULL,0,115AA022,0,0,1,NULL,NULL,NULL,0,0,NULL,0,0,0,0,0,-1,0,NULL,0,0,0,NULL,0,0,0,NULL,0,0,0,0,,0,,0,0
117,4,13,0,0,NULL,1,0,0,0,NULL,1,NULL,b828b88e622c6013a74ebb6a5fa06802,1,1,0,1.17E+19,,06/27/19 12:49 PM,0000-00-00 00:00:00,6.49358043114869,3.38168051093817,6.49358043114869,3.38168051093817,06/27/19 11:43 AM,9,9,1,5,,1,NULL,06/27/19 11:55 AM,06/27/19 11:53 AM,06/27/19 11:55 AM,06/27/19 11:43 AM,2,1,0,0,5,-60,06/27/19 12:49 PM,2019-06-27,06/27/19 11:49 AM,2019-06-27,0,1,5,NULL,NULL,NULL,0,NULL,0,0,0,0,,,,970,32,0,920.1,0,0,970,1,NULL,NULL,NULL,0,117AA023,0,194,1,NULL,NULL,NULL,0,970,NULL,0,0,0,0,0,-1,0,NULL,0,0,0,NULL,0,0,0,NULL,0,0,0,0,,0,,0,0
118,4,13,0,0,NULL,1,0,0,0,NULL,1,NULL,8668ff681139448ee8894559d9e2d782,1,1,0,1.17E+19,,0000-00-00 00:00:00,06/27/19 01:05 PM,6.4483019,3.4489146,6.4483019,3.4489146,06/27/19 11:43 AM,9,9,1,0,NULL,0,NULL,06/27/19 12:16 PM,06/27/19 11:55 AM,06/27/19 12:16 PM,06/27/19 11:43 AM,2,1,1,0,1,-60,06/27/19 01:05 PM,2019-06-27,06/27/19 12:05 PM,2019-06-27,0,1,5,NULL,NULL,NULL,0,NULL,0,0,0,0,,,,970,32,1,920.1,0,0,970,1,NULL,NULL,NULL,0,117AA023,0,194,1,NULL,NULL,NULL,0,970,NULL,0,0,0,0,0,-1,0,NULL,0,0,0,NULL,0,0,0,NULL,0,0,0,0,,0,,0,0
119,3,31,0,0,NULL,0,0,0,0,NULL,1,NULL,58af7dbb6c7bfffc895f6746cdff853a,1,1,0,1.19E+19,NULL,06/29/19 07:43 AM,0000-00-00 00:00:00,6.4448155,3.44505749999996,6.4448155,3.44505749999996,06/29/19 06:45 AM,NULL,NULL,1,0,NULL,0,NULL,06/29/19 06:50 AM,06/29/19 06:50 AM,06/29/19 06:50 AM,06/29/19 06:50 AM,9,1,0,0,0,-60,06/29/19 07:43 AM,2019-06-29,06/29/19 06:43 AM,2019-06-29,NULL,2,NULL,NULL,NULL,NULL,0,NULL,0,0,0,0,,,,1640,262144,0,1594.6,0,0,1640,1,NULL,NULL,NULL,0,119AA024,0,0,0,NULL,NULL,NULL,0,1640,NULL,0,0,0,0,0,-1,0,NULL,0,0,0,NULL,0,0,0,NULL,0,0,0,0,,0,,0,0
120,3,31,0,0,NULL,0,0,0,0,NULL,1,NULL,7d865093a80a5981f4c3c0cfde1cbb6a,1,1,0,1.19E+19,NULL,0000-00-00 00:00:00,06/29/19 08:14 AM,6.5776179,3.36695839999993,6.5776179,3.36695839999993,06/29/19 06:45 AM,NULL,NULL,1,0,NULL,0,NULL,06/29/19 06:50 AM,06/29/19 06:50 AM,06/29/19 06:50 AM,06/29/19 06:50 AM,9,1,1,0,0,-60,06/29/19 08:14 AM,2019-06-29,06/29/19 07:14 AM,2019-06-29,NULL,2,NULL,NULL,NULL,NULL,0,NULL,0,0,0,0,,,,1640,262144,0,1594.6,0,0,1640,1,NULL,NULL,NULL,0,119AA024,0,0,0,NULL,NULL,NULL,0,1640,NULL,0,0,0,0,0,-1,0,NULL,0,0,0,NULL,0,0,0,NULL,0,0,0,0,,0,,0,0
122,4,8,0,0,NULL,1,0,0,0,NULL,2,NULL,a3a28746ffe3e3304e0a19b3f9a09d19,1,1,0,1.21E+19,,0000-00-00 00:00:00,07/01/19 11:49 AM,30.7333148,76.7794179,30.7333148,76.7794179,07/01/19 05:56 AM,22,22,1,0,NULL,0,NULL,07/01/19 06:10 AM,07/01/19 06:08 AM,07/01/19 06:10 AM,07/01/19 05:57 AM,2,1,1,0,3,-330,07/01/19 11:49 AM,2019-07-01,07/01/19 06:19 AM,2019-07-01,0,1,NULL,NULL,NULL,NULL,0,NULL,0,0,0,0,,,,990,8,1,835.3,0,0,990,1,NULL,NULL,NULL,0,121AA025,0,198,1,NULL,NULL,NULL,0,990,NULL,0,0,0,0,0,-1,0,NULL,0,0,0,NULL,0,0,0,NULL,0,0,0,0,,0,,0,0
124,4,8,0,0,NULL,1,0,0,0,NULL,2,NULL,b5d3cc9ed642b8db5b0e512d87bda699,1,1,0,1.23E+19,,0000-00-00 00:00:00,07/01/19 12:49 PM,30.7333148,76.7794179,30.7333148,76.7794179,07/01/19 06:58 AM,38,38,1,0,NULL,0,NULL,07/01/19 07:04 AM,07/01/19 07:04 AM,07/01/19 07:04 AM,07/01/19 06:58 AM,2,1,1,0,0,-330,07/01/19 12:49 PM,2019-07-01,07/01/19 07:19 AM,2019-07-01,0,1,4,NULL,NULL,NULL,0,NULL,0,0,0,0,,,,1790,8,0,1636.8,0,0,1790,1,NULL,NULL,NULL,0,123AA026,0,0,0,NULL,NULL,NULL,0,1790,NULL,0,0,0,0,0,-1,0,NULL,0,0,0,NULL,0,0,0,NULL,0,0,0,0,,0,,0,0
